on,procedure,facility,country,city,amount,amount_high,currency,usd,usd_high,as_of,rate_date,kind,source,url
abdominoplasty,abdominoplasty,,CZ,Prague,62000,,CZK,2944.0,,2026-09-16,"Wed, 16 Sep 2026",quoted-range,s:premier-clinic-prague-prices,https://www.premier-clinic.cz/en/price-list-plastic-surgery/
defiant,abdominoplasty,,TH,,3500,6500,USD,3500.0,6500.0,2026-09-17,"Wed, 16 Sep 2026",quoted-range,s:defiant-prices,https://defiant.to/procedures/
abdominoplasty,abdominoplasty,,TH,Bangkok,126000,,THB,3784.0,,2026-09-16,"Wed, 16 Sep 2026",list,s:yanhee-plastic-prices,https://www.yanhee.net/pricing-packages/plastic-surgery-prices/
abdominoplasty,abdominoplasty,,PL,Szczecin,26000,,PLN,6909.0,,2026-09-16,"Wed, 16 Sep 2026",list,s:artplastica-cennik,https://www.artplastica.pl/cennik-zabiegi-operacje-plastyczne/
abdominoplasty,abdominoplasty,,US,,8174,,USD,8174.0,,2026-09-16,"Wed, 16 Sep 2026",survey,s:asps-cost-tummy-tuck,https://www.plasticsurgery.org/cosmetic-procedures/tummy-tuck/cost
abortion-care,abortion-care,,US,,0,600,USD,0.0,600.0,2026-09-17,"Wed, 16 Sep 2026",list,s:carafem-cost,https://carafem.org/cost
abortion-care,abortion-care,,GB,,622,,GBP,838.0,,2026-09-17,"Wed, 16 Sep 2026",list,s:bpas-prices,https://www.bpas.org/abortion-care/considering-abortion/costs-and-pricing/
abortion-care,abortion-care,,GB,,1166,3044,GBP,1571.0,4102.0,2026-09-17,"Wed, 16 Sep 2026",list,s:bpas-prices,https://www.bpas.org/abortion-care/considering-abortion/costs-and-pricing/
acl-reconstruction,acl-reconstruction,,AU,,1577.3,,AUD,1124.0,,2026-07-01,"Wed, 16 Sep 2026",tariff,s:mbs-49542,https://www9.health.gov.au/mbs/fullDisplay.cfm?type=item&q=49542&qt=item
acl-reconstruction,acl-reconstruction,,LT,Kaunas,2500,,EUR,2884.0,,2026-09-16,"Wed, 16 Sep 2026",quoted-range,s:nordorthopaedics-prices,https://www.nordorthopaedics.com/hip-knee-wrist-hand-ankle-foot-shoulder-surgery-prices/
acl-reconstruction,acl-reconstruction,bumrungrad,TH,Bangkok,279000,,THB,8380.0,,2026-09-16,"Wed, 16 Sep 2026",package,s:bumrungrad-joint-packages,https://www.bumrungrad.com/en/packages/packages-center/joint-replacement-surgery
acl-reconstruction,acl-reconstruction,,GB,England,7399,,GBP,9971.0,,2026-09-16,"Wed, 16 Sep 2026",list,s:practiceplus-knee,https://practiceplusgroup.com/treatments/knee-surgery/
addiction-rehab,addiction-rehab,,TH,Chiang Mai,10000,20000,USD,10000.0,20000.0,2026-09-16,"Wed, 16 Sep 2026",quoted-range,s:dawn-rehab-rates,https://thedawnrehab.com/service-rate/
addiction-rehab,addiction-rehab,,GB,,21813,,GBP,29396.0,,2026-09-16,"Wed, 16 Sep 2026",package,s:priory-rehab-cost,https://www.priorygroup.com/addiction-treatment/how-much-does-rehab-cost
all-on-four,all-on-four,,HU,Budapest,4171,,EUR,4812.0,,2026-09-17,"Wed, 16 Sep 2026",list,s:mdental-budapest-prices,https://www.mdentalclinic.eu/prices
los-algodones,all-on-four,,MX,Los Algodones,8110,,USD,8110.0,,2026-09-16,"Wed, 16 Sep 2026",package,s:sani-price-list,https://sanidentalgroup.com/price-list
all-on-four,all-on-four,,MX,Los Algodones,8110,9710,USD,8110.0,9710.0,2026-09-17,"Wed, 16 Sep 2026",list,s:sani-dental-prices,https://sanidentalgroup.com/price-list
all-on-four,all-on-four,,TH,Bangkok,290000,,THB,8710.0,,2026-09-17,"Wed, 16 Sep 2026",quoted-range,s:bidc-fees,https://bangkokdentalcenter.com/fees/
angioplasty-stent,angioplasty-stent,,AU,,2121.75,,AUD,1512.0,,2026-09-17,"Wed, 16 Sep 2026",tariff,s:mbs-38307,https://www9.health.gov.au/mbs/fullDisplay.cfm?type=item&q=38307&qt=item
angioplasty-stent,angioplasty-stent,bangkok-hospital,TH,Bangkok,299000,,THB,8980.0,,2026-09-17,"Wed, 16 Sep 2026",package,s:bangkokhospital-heart-packages,https://www.bangkokhospital.com/en/bangkok-heart/package/heart-catheterization-surgery
angioplasty-stent,angioplasty-stent,bangkok-hospital,TH,Bangkok,322000,,THB,9671.0,,2026-09-17,"Wed, 16 Sep 2026",package,s:bangkokhospital-heart-packages,https://www.bangkokhospital.com/en/bangkok-heart/package/heart-catheterization-surgery
angioplasty-stent,angioplasty-stent,,IE,,9887,,EUR,11408.0,,2026-09-17,"Wed, 16 Sep 2026",tariff,s:hse-abf-2024-inpatient,https://assets.hse.ie/media/documents/ABF_2024_Admitted_Patient_Price_List_-_Inpatient_Only.pdf
assisted-dying,assisted-dying,,CH,,300,,CHF,366.0,,2026-09-17,"Wed, 16 Sep 2026",list,s:dignitas-membership,https://www.dignitas.ch/en/become-a-member/membership/
assisted-dying,assisted-dying,,CH,,7500,,CHF,9158.0,,2026-09-17,"Wed, 16 Sep 2026",list,s:dignitas-costs,https://www.dignitas.ch/en/accompanied-suicide/information-on-the-costs/
assisted-dying,assisted-dying,,CH,Basel,10000,,CHF,12211.0,,2026-09-17,"Wed, 16 Sep 2026",estimate,s:pegasos-faqs,https://pegasos-association.com/faqs/
bbl,bbl,,CZ,Prague,62800,74800,CZK,2982.0,3552.0,2026-09-16,"Wed, 16 Sep 2026",quoted-range,s:premier-clinic-prague-prices,https://www.premier-clinic.cz/en/price-list-plastic-surgery/
bbl,bbl,,PL,Warsaw,25000,,PLN,6643.0,,2026-09-16,"Wed, 16 Sep 2026",quoted-range,s:rpclinic-posladki-cennik,https://www.rpclinic.pl/cenniki/cennik-chirurgia-plastyczna/cennik-zabiegi-posladkow/
bbl,bbl,,US,,7264,,USD,7264.0,,2026-09-16,"Wed, 16 Sep 2026",survey,s:asps-cost-buttock,https://www.plasticsurgery.org/cosmetic-procedures/buttock-enhancement/cost
bone-marrow-transplant,bone-marrow-transplant,,US,,577000,,USD,577000.0,,2025,"Wed, 16 Sep 2026",estimate,s:milliman-transplant-2025,https://www.milliman.com/en/insight/2025-us-organ-and-tissue-transplants-costs-utilization
bone-marrow-transplant,bone-marrow-transplant,,US,,1261800,,USD,1261800.0,,2025,"Wed, 16 Sep 2026",estimate,s:milliman-transplant-2025,https://www.milliman.com/en/insight/2025-us-organ-and-tissue-transplants-costs-utilization
breast-augmentation,breast-augmentation,,CZ,Prague,55000,,CZK,2612.0,,2026-09-16,"Wed, 16 Sep 2026",quoted-range,s:premier-clinic-prague-prices,https://www.premier-clinic.cz/en/price-list-plastic-surgery/
defiant,breast-augmentation,,TH,,3000,5500,USD,3000.0,5500.0,2026-09-17,"Wed, 16 Sep 2026",quoted-range,s:defiant-prices,https://defiant.to/procedures/
breast-augmentation,breast-augmentation,,TH,Bangkok,125000,305000,THB,3754.0,9161.0,2026-09-16,"Wed, 16 Sep 2026",list,s:yanhee-plastic-prices,https://www.yanhee.net/pricing-packages/plastic-surgery-prices/
breast-augmentation,breast-augmentation,,US,,4875,,USD,4875.0,,2026-09-16,"Wed, 16 Sep 2026",survey,s:asps-cost-breast-augmentation,https://www.plasticsurgery.org/cosmetic-procedures/breast-augmentation/cost
prince-court,breast-augmentation,prince-court,MY,Kuala Lumpur,26888,,MYR,6583.0,,2026-09-16,"Wed, 16 Sep 2026",package,s:princecourt-breast-aug,https://princecourt.com/our-services/highlights-and-promotions/breast-augmentation-package
breast-augmentation,breast-augmentation,,PL,Szczecin,25500,,PLN,6776.0,,2026-09-16,"Wed, 16 Sep 2026",list,s:artplastica-cennik,https://www.artplastica.pl/cennik-zabiegi-operacje-plastyczne/
narayana-health,cabg,narayana-health,IN,Bengaluru,95000,,INR,990.0,,2013,"Wed, 16 Sep 2026",estimate,s:wp-devi-shetty,https://en.wikipedia.org/wiki/Devi_Shetty
cabg,cabg,,AU,,2819.9,,AUD,2010.0,,2026-09-17,"Wed, 16 Sep 2026",tariff,s:mbs-38502,https://www9.health.gov.au/mbs/fullDisplay.cfm?type=item&q=38502&qt=item
cabg,cabg,bangkok-hospital,TH,Bangkok,1173000,,THB,35231.0,,2026-09-17,"Wed, 16 Sep 2026",package,s:bangkokhospital-heart-packages,https://www.bangkokhospital.com/en/bangkok-heart/package/heart-catheterization-surgery
cabg,cabg,bangkok-hospital,TH,Bangkok,1500000,,THB,45053.0,,2026-09-17,"Wed, 16 Sep 2026",package,s:bangkokhospital-heart-packages,https://www.bangkokhospital.com/en/bangkok-heart/package/heart-catheterization-surgery
cabg,cabg,,US,Cleveland,106385,,USD,106385.0,,2013,"Wed, 16 Sep 2026",estimate,s:wp-devi-shetty,https://en.wikipedia.org/wiki/Devi_Shetty
car-t,car-t,,IN,,50000,,USD,50000.0,,2024,"Wed, 16 Sep 2026",estimate,s:bct-nexcar19,https://pmc.ncbi.nlm.nih.gov/articles/PMC11620990/
car-t,car-t,,GB,,280451,,GBP,377950.0,,2023-02-28,"Wed, 16 Sep 2026",list,s:nice-ta872,https://www.nice.org.uk/guidance/ta872
car-t,car-t,,US,,424000,,USD,424000.0,,2023,"Wed, 16 Sep 2026",list,s:bloodadv-cart-costs,https://pmc.ncbi.nlm.nih.gov/articles/PMC10837180/
car-t,car-t,,US,,475000,,USD,475000.0,,2017,"Wed, 16 Sep 2026",list,s:statnews-kymriah-price,https://www.statnews.com/2017/08/31/475000-price-tag-new-cancer-drug-crazy-meh/
car-t,car-t,,US,,498723,587908,USD,498723.0,587908.0,2022,"Wed, 16 Sep 2026",reimbursement,s:advther-cart-medicare,https://pmc.ncbi.nlm.nih.gov/articles/PMC11263250/
cataract-surgery,cataract-surgery,,AU,,910.35,,AUD,649.0,,2026-09-17,"Wed, 16 Sep 2026",tariff,s:mbs-42702,https://www9.health.gov.au/mbs/fullDisplay.cfm?type=item&q=42702&qt=item
cataract-surgery,cataract-surgery,,IE,,1171,,EUR,1351.0,,2026-09-17,"Wed, 16 Sep 2026",reimbursement,s:hse-cbd-niphs-drg-guide,https://assets.hse.ie/media/documents/CBD-NIPHS-Most-Common-Procedures-DRG-Guide.pdf
cataract-surgery,cataract-surgery,bumrungrad,TH,Bangkok,85400,,THB,2565.0,,2026-09-17,"Wed, 16 Sep 2026",package,s:bumrungrad-phaco-monofocal,https://www.bumrungrad.com/en/packages/monofocal-lens-for-phacoemulsification-single-eye-set-1
cochlear-implant,cochlear-implant,,AU,,7648,9078,AUD,5451.0,6470.0,2022,"Wed, 16 Sep 2026",list,s:pharmacoecon-ci-upgrade,https://pmc.ncbi.nlm.nih.gov/articles/PMC13110226/
cochlear-implant,cochlear-implant,,AU,,39519,,AUD,28165.0,,2022,"Wed, 16 Sep 2026",estimate,s:pharmacoecon-ci-upgrade,https://pmc.ncbi.nlm.nih.gov/articles/PMC13110226/
cochlear-implant,cochlear-implant,,FI,,43905,,EUR,50657.0,,2025,"Wed, 16 Sep 2026",estimate,s:eur-arch-ci-finland,https://pmc.ncbi.nlm.nih.gov/articles/PMC12605616/
dental-crown,dental-crown,,MX,Los Algodones,120,600,USD,120.0,600.0,2026-09-17,"Wed, 16 Sep 2026",list,s:sani-dental-prices,https://sanidentalgroup.com/price-list
dental-crown,dental-crown,,TH,Bangkok,13000,25000,THB,390.0,751.0,2026-09-17,"Wed, 16 Sep 2026",list,s:bidc-fees,https://bangkokdentalcenter.com/fees/
dental-crown,dental-crown,,HU,Budapest,378,,EUR,436.0,,2026-09-17,"Wed, 16 Sep 2026",list,s:mdental-budapest-prices,https://www.mdentalclinic.eu/prices
dental-crown,dental-crown,,GB,,332.1,,GBP,448.0,,2026-09-17,"Wed, 16 Sep 2026",tariff,s:nhs-dental-charges,https://www.nhs.uk/nhs-services/dentists/dental-costs/understanding-nhs-dental-charges/
dental-crown,dental-crown,,PL,Kraków,355,429,GBP,478.0,578.0,2026-09-17,"Wed, 16 Sep 2026",list,s:indexmedica-prices,https://www.indexmedica.com/prices/
los-algodones,dental-crown,,MX,Los Algodones,490,,USD,490.0,,2026-09-16,"Wed, 16 Sep 2026",list,s:sani-price-list,https://sanidentalgroup.com/price-list
dental-implant,dental-implant,,HU,Budapest,381,,EUR,440.0,,2026-09-16,"Wed, 16 Sep 2026",list,s:mdental-budapest-prices,https://www.mdentalclinic.eu/prices
dental-implant,dental-implant,,PL,Kraków,575,,GBP,775.0,,2026-09-16,"Wed, 16 Sep 2026",list,s:indexmedica-prices,https://www.indexmedica.com/prices/
los-algodones,dental-implant,,MX,Los Algodones,890,,USD,890.0,,2026-09-16,"Wed, 16 Sep 2026",list,s:sani-price-list,https://sanidentalgroup.com/price-list
dental-implant,dental-implant,,MX,Los Algodones,890,,USD,890.0,,2026-09-16,"Wed, 16 Sep 2026",list,s:sani-dental-prices,https://sanidentalgroup.com/price-list
defiant,dental-implant,,TH,,1000,1800,USD,1000.0,1800.0,2026-09-17,"Wed, 16 Sep 2026",quoted-range,s:defiant-prices,https://defiant.to/procedures/
dental-implant,dental-implant,,TH,Bangkok,35000,70000,THB,1051.0,2102.0,2026-09-16,"Wed, 16 Sep 2026",list,s:bidc-fees,https://bangkokdentalcenter.com/fees/
poland,dental-implant,,PL,Kraków,1450,,GBP,1954.0,,2026-09-16,"Wed, 16 Sep 2026",list,s:indexmedica-prices,https://www.indexmedica.com/prices/
dhi-hair-transplant,dhi-hair-transplant,,AE,Dubai,9999,35000,AED,2723.0,9530.0,2026-09-16,"Wed, 16 Sep 2026",quoted-range,s:dhi-dubai-cost,https://www.dhiinternational.com/cost-of-hair-transplant-in-dubai-dhi-medical-group/
turkiye,dhi-hair-transplant,,TR,Istanbul,3290,8000,EUR,3796.0,9230.0,2026-09-16,"Wed, 16 Sep 2026",quoted-range,s:cosmedica-price,https://cosmedica.com/price/
dhi-hair-transplant,dhi-hair-transplant,,TR,Istanbul,3395,6595,EUR,3917.0,7609.0,2026-09-16,"Wed, 16 Sep 2026",package,s:estenove-cost,https://www.estenove.com/hair-transplant-cost-istanbul-turkey/
dialysis-holiday,dialysis-holiday,,TH,Bangkok,2200,,THB,66.0,,2026-09-17,"Wed, 16 Sep 2026",list,s:vibhavadi-hemodialysis,https://www.vibhavadi.com/en/department-hemodialysis
dialysis-holiday,dialysis-holiday,,TH,Phuket,7000,8000,THB,210.0,240.0,2026-09-17,"Wed, 16 Sep 2026",list,s:bph-holiday-dialysis,https://www.bangkokhospital.com/en/phuket/center-clinic/other/phuket-holiday-dialysis-center-bpk/treatments-and-services
dialysis-holiday,dialysis-holiday,,TR,,200,300,EUR,231.0,346.0,2026-09-17,"Wed, 16 Sep 2026",quoted-range,s:freedom-dialysis-turkey,https://www.holidaydialysis.co.uk/turkey.php
dialysis-holiday,dialysis-holiday,,US,,281.71,,USD,282.0,,2026-01-01,"Wed, 16 Sep 2026",tariff,s:cms-esrd-pps-2026,https://www.cms.gov/newsroom/fact-sheets/calendar-year-cy-2026-end-stage-renal-disease-esrd-prospective-payment-system-final-rule
dialysis-holiday,dialysis-holiday,,ES,Benidorm,450,,EUR,519.0,,2026-09-17,"Wed, 16 Sep 2026",quoted-range,s:freedom-dialysis-spain,https://www.holidaydialysis.co.uk/spain.php
disc-replacement,disc-replacement,,AU,,1295.85,,AUD,924.0,,2026-07-01,"Wed, 16 Sep 2026",tariff,s:mbs-51131,https://www9.health.gov.au/mbs/fullDisplay.cfm?type=item&q=51131&qt=item
disc-replacement,disc-replacement,,IN,Hyderabad,350000,600000,INR,3646.0,6251.0,2026,"Wed, 16 Sep 2026",quoted-range,s:yashoda-adr-cost,https://www.yashodahospitals.com/procedure-cost/artificial-disc-replacement-surgery-cost-in-india/
disc-replacement,disc-replacement,bumrungrad,TH,Bangkok,468600,,THB,14074.0,,2026-09-16,"Wed, 16 Sep 2026",package,s:bumrungrad-cdr01,https://www.bumrungrad.com/en/packages/cervical-disc-replacement
egg-donation,egg-donation,,GB,,985,,GBP,1327.0,,2024-10-01,"Wed, 16 Sep 2026",tariff,s:hfea-donating-eggs,https://www.hfea.gov.uk/donation/donors/donating-your-eggs/
egg-donation,egg-donation,,GR,Thessaloniki,3300,,EUR,3808.0,,2026-09-16,"Wed, 16 Sep 2026",package,s:newlife-ivf-costs,https://www.newlife-ivf.co.uk/ivf-costs
egg-donation,egg-donation,,CZ,Brno,5525,,EUR,6375.0,,2026-01-01,"Wed, 16 Sep 2026",package,s:reprofit-pricelist-2026,https://www.reprofit.cz/media/filer_public/3d/7a/3d7a97cf-ec54-477b-af94-585766aa8f35/0331eng_cenik_vykonu_ivf_pro_samoplatce.pdf
czechia,egg-donation,,CZ,Prague,5950,,EUR,6865.0,,2026-09-16,"Wed, 16 Sep 2026",package,s:pronatal-prices,https://www.pronatal.cz/en/price-list/
egg-donation,egg-donation,,GR,Thessaloniki,7350,10550,EUR,8480.0,12172.0,2026-09-16,"Wed, 16 Sep 2026",quoted-range,s:newlife-ivf-costs,https://www.newlife-ivf.co.uk/ivf-costs
egg-donation,egg-donation,,ES,Barcelona,7635,,EUR,8809.0,,2026-09-16,"Wed, 16 Sep 2026",package,s:fertilab-pricing,https://fertilab.com/en/pricing/
egg-donation,egg-donation,,US,Syracuse,11994,,USD,11994.0,,2026-07-07,"Wed, 16 Sep 2026",package,s:cny-ivf-cost,https://www.cnyfertility.com/ivf-cost/
egg-donation,egg-donation,,CZ,Brno,11110,,EUR,12819.0,,2026-01-01,"Wed, 16 Sep 2026",package,s:reprofit-pricelist-2026,https://www.reprofit.cz/media/filer_public/3d/7a/3d7a97cf-ec54-477b-af94-585766aa8f35/0331eng_cenik_vykonu_ivf_pro_samoplatce.pdf
czechia,egg-freezing,,CZ,Prague,1990,,EUR,2296.0,,2026-09-16,"Wed, 16 Sep 2026",package,s:pronatal-prices,https://www.pronatal.cz/en/price-list/
egg-freezing,egg-freezing,,CZ,Brno,2190,,EUR,2527.0,,2026-01-01,"Wed, 16 Sep 2026",package,s:reprofit-pricelist-2026,https://www.reprofit.cz/media/filer_public/3d/7a/3d7a97cf-ec54-477b-af94-585766aa8f35/0331eng_cenik_vykonu_ivf_pro_samoplatce.pdf
egg-freezing,egg-freezing,,GR,Thessaloniki,2480,,EUR,2861.0,,2026-09-16,"Wed, 16 Sep 2026",package,s:newlife-ivf-costs,https://www.newlife-ivf.co.uk/ivf-costs
egg-freezing,egg-freezing,,ES,Barcelona,2570,,EUR,2965.0,,2026-09-16,"Wed, 16 Sep 2026",package,s:fertilab-pricing,https://fertilab.com/en/pricing/
defiant,egg-freezing,,TH,,3500,6000,USD,3500.0,6000.0,2026-09-17,"Wed, 16 Sep 2026",quoted-range,s:defiant-prices,https://defiant.to/procedures/
egg-freezing,egg-freezing,,GB,,3350,,GBP,4515.0,,2026-09-16,"Wed, 16 Sep 2026",estimate,s:hfea-egg-freezing,https://www.hfea.gov.uk/treatments/fertility-preservation/egg-freezing/
samitivej,executive-health-screening,samitivej,TH,Bangkok,3500,7500,THB,105.0,225.0,2026-09-16,"Wed, 16 Sep 2026",package,s:samitivej-checkup-sukhumvit,https://www.samitivejhospitals.com/package/detail/annual-health-check-up-packages-samitivej-sukhumvit
raffles-hospital,executive-health-screening,raffles-hospital,SG,Singapore,138,,SGD,108.0,,2026-09-17,"Wed, 16 Sep 2026",list,s:raffles-screening-store,https://www.raffleshealth.com/services/health-screening.html
island-hospital-penang,executive-health-screening,island-hospital-penang,MY,George Town,760,,MYR,186.0,,2026-09-16,"Wed, 16 Sep 2026",package,s:islandhospital-exec-screening,https://packages.islandhospital.com/product/executive-health-screening-package/
executive-health-screening,executive-health-screening,,MY,Kuala Lumpur,900,,MYR,220.0,,2026-09-16,"Wed, 16 Sep 2026",package,s:princecourt-health-screening,https://princecourt.com/health-screening
medanta,executive-health-screening,medanta,IN,Gurugram,25000,,INR,260.0,,2026-09-16,"Wed, 16 Sep 2026",package,s:medanta-healthcheck,https://www.medanta.org/healthcheckup/gurugram-hospital
executive-health-screening,executive-health-screening,,SG,Singapore,361.31,563.16,SGD,284.0,442.0,2026-09-16,"Wed, 16 Sep 2026",package,s:raffles-screening-ladies,https://www.rafflesmedicalgroup.com/health-screening/health-screening-packages/
raffles-hospital,executive-health-screening,raffles-hospital,SG,Singapore,361.31,563.16,SGD,284.0,442.0,2026-09-17,"Wed, 16 Sep 2026",package,s:raffles-screening-ladies,https://www.rafflesmedicalgroup.com/health-screening/health-screening-packages/
defiant,executive-health-screening,,TH,,400,1200,USD,400.0,1200.0,2026-09-17,"Wed, 16 Sep 2026",quoted-range,s:defiant-prices,https://defiant.to/procedures/
executive-health-screening,executive-health-screening,bumrungrad,TH,Bangkok,16300,,THB,490.0,,2026-09-16,"Wed, 16 Sep 2026",package,s:bumrungrad-executive-checkup,https://www.bumrungrad.com/en/packages/executive-health-check-male
liv-hospital,executive-health-screening,liv-hospital,TR,Istanbul,590,3200,USD,590.0,3200.0,2026-09-17,"Wed, 16 Sep 2026",quoted-range,s:liv-checkup,https://int.livhospital.com/full-body-checkup/
liv-hospital,executive-health-screening,liv-hospital,TR,Istanbul,600,,USD,600.0,,2026-09-17,"Wed, 16 Sep 2026",package,s:liv-checkup,https://int.livhospital.com/full-body-checkup/
island-hospital-penang,executive-health-screening,island-hospital-penang,MY,George Town,2499,2799,MYR,612.0,685.0,2026-09-16,"Wed, 16 Sep 2026",package,s:islandhospital-packages,https://packages.islandhospital.com/
facelift,facelift,,CZ,Prague,84000,,CZK,3989.0,,2026-09-16,"Wed, 16 Sep 2026",quoted-range,s:premier-clinic-prague-prices,https://www.premier-clinic.cz/en/price-list-plastic-surgery/
defiant,facelift,,TH,,4000,9000,USD,4000.0,9000.0,2026-09-17,"Wed, 16 Sep 2026",quoted-range,s:defiant-prices,https://defiant.to/procedures/
facelift,facelift,,TH,Bangkok,136000,250000,THB,4085.0,7509.0,2026-09-16,"Wed, 16 Sep 2026",list,s:yanhee-plastic-prices,https://www.yanhee.net/pricing-packages/plastic-surgery-prices/
facelift,facelift,,PL,Szczecin,25000,,PLN,6643.0,,2026-09-16,"Wed, 16 Sep 2026",quoted-range,s:artplastica-cennik,https://www.artplastica.pl/cennik-zabiegi-operacje-plastyczne/
facelift,facelift,,US,,11395,,USD,11395.0,,2026-09-16,"Wed, 16 Sep 2026",survey,s:asps-cost-facelift,https://www.plasticsurgery.org/cosmetic-procedures/facelift/cost
full-mouth-restoration,full-mouth-restoration,,GB,,332.1,,GBP,448.0,,2026-09-17,"Wed, 16 Sep 2026",tariff,s:nhs-dental-charges,https://www.nhs.uk/nhs-services/dentists/dental-costs/understanding-nhs-dental-charges/
full-mouth-restoration,full-mouth-restoration,,MX,Los Algodones,3270,13310,USD,3270.0,13310.0,2026-09-17,"Wed, 16 Sep 2026",list,s:sani-dental-prices,https://sanidentalgroup.com/price-list
full-mouth-restoration,full-mouth-restoration,,TH,Bangkok,155000,390000,THB,4655.0,11714.0,2026-09-17,"Wed, 16 Sep 2026",quoted-range,s:bidc-fees,https://bangkokdentalcenter.com/fees/
full-mouth-restoration,full-mouth-restoration,,HU,Budapest,4370,,EUR,5042.0,,2026-09-17,"Wed, 16 Sep 2026",list,s:mdental-budapest-prices,https://www.mdentalclinic.eu/prices
gallbladder-removal,gallbladder-removal,,AU,,768.9,,AUD,548.0,,2026-09-17,"Wed, 16 Sep 2026",tariff,s:mbs-30443,https://www9.health.gov.au/mbs/fullDisplay.cfm?type=item&q=30443&qt=item
gallbladder-removal,gallbladder-removal,bumrungrad,TH,Bangkok,240930,,THB,7236.0,,2026-09-17,"Wed, 16 Sep 2026",package,s:bumrungrad-sur04,https://www.bumrungrad.com/en/packages/laparoscopic-cholecystectomy
bangkok-hospital,gallbladder-removal,bangkok-hospital,TH,Bangkok,330000,,THB,9912.0,,2026-09-16,"Wed, 16 Sep 2026",package,s:bangkokhospital-cholecystectomy,https://www.bangkokhospital.com/en/bangkok/package/robotic-assisted-cholecystectomy-level-2-en
gallbladder-removal,gallbladder-removal,bumrungrad,TH,Bangkok,349500,,THB,10497.0,,2026-09-17,"Wed, 16 Sep 2026",package,s:bumrungrad-surgical-packages,https://www.bumrungrad.com/en/packages/packages-center/surgical-clinics
gallbladder-removal,gallbladder-removal,,IE,,9867,,EUR,11384.0,,2026-09-17,"Wed, 16 Sep 2026",reimbursement,s:hse-cbd-niphs-drg-guide,https://assets.hse.ie/media/documents/CBD-NIPHS-Most-Common-Procedures-DRG-Guide.pdf
gastric-balloon,gastric-balloon,,MX,Tijuana,1880,,USD,1880.0,,2026-09-16,"Wed, 16 Sep 2026",package,s:tijuana-bariatric-center-cost,https://tijuanabariatriccenter.com/about/financing/bariatric-surgery-tijuana-cost/
gastric-balloon,gastric-balloon,,US,,6000,8500,USD,6000.0,8500.0,2026-05-06,"Wed, 16 Sep 2026",quoted-range,s:bodevolve-balloon-cost,https://bodevolvebariatric.com/gastric-balloon-cost/
gastric-balloon,gastric-balloon,,US,,6000,9000,USD,6000.0,9000.0,2026-05-06,"Wed, 16 Sep 2026",quoted-range,s:bodevolve-balloon-cost,https://bodevolvebariatric.com/gastric-balloon-cost/
gastric-bypass,gastric-bypass,,MX,Tijuana,5900,,USD,5900.0,,2026-09-16,"Wed, 16 Sep 2026",package,s:alo-bariatrics-cost,https://www.alobariatrics.com/gastric-sleeve-cost/
gastric-bypass,gastric-bypass,,MX,Tijuana,5980,,USD,5980.0,,2026-09-16,"Wed, 16 Sep 2026",package,s:tijuana-bariatric-center-cost,https://tijuanabariatriccenter.com/about/financing/bariatric-surgery-tijuana-cost/
gastric-sleeve,gastric-sleeve,,TR,Istanbul,2500,,EUR,2884.0,,2026-09-16,"Wed, 16 Sep 2026",package,s:euroistanbul-gastric-sleeve,https://www.euroistanbul.com/gastric-sleeve-all-inclusive-package/
turkiye,gastric-sleeve,,TR,Istanbul,2600,,EUR,3000.0,,2026-01,"Wed, 16 Sep 2026",package,s:carely-gastric-sleeve,https://carelyclinic.com/gastric-sleeve-turkey/
gastric-sleeve,gastric-sleeve,,TR,Istanbul,2600,,EUR,3000.0,,2026-01-01,"Wed, 16 Sep 2026",package,s:carely-gastric-sleeve,https://carelyclinic.com/gastric-sleeve-turkey/
gastric-sleeve,gastric-sleeve,,TR,Istanbul,2300,2800,GBP,3100.0,3773.0,2025-10-29,"Wed, 16 Sep 2026",quoted-range,s:hayatmed-gastric-sleeve,https://www.hayatmed.com/gastric-sleeve-for-weight-loss/
gastric-sleeve,gastric-sleeve,,MX,Tijuana,4295,,USD,4295.0,,2026-09-16,"Wed, 16 Sep 2026",package,s:mexico-bariatrics-center-sleeve,https://mexicobariatricscenter.com/portfolio-items/gastric-sleeve-in-mexico/
gastric-sleeve,gastric-sleeve,,MX,Tijuana,4500,,USD,4500.0,,2026-09-16,"Wed, 16 Sep 2026",package,s:alo-bariatrics-cost,https://www.alobariatrics.com/gastric-sleeve-cost/
gastric-sleeve,gastric-sleeve,,MX,Tijuana,4580,,USD,4580.0,,2026-09-16,"Wed, 16 Sep 2026",package,s:tijuana-bariatric-center-cost,https://tijuanabariatriccenter.com/about/financing/bariatric-surgery-tijuana-cost/
defiant,hair-transplant-fue,,TH,,2500,6000,USD,2500.0,6000.0,2026-09-17,"Wed, 16 Sep 2026",quoted-range,s:defiant-prices,https://defiant.to/procedures/
turkiye,hair-transplant-fue,,TR,Istanbul,2550,,EUR,2942.0,,2026-09-16,"Wed, 16 Sep 2026",package,s:cosmedica-price,https://cosmedica.com/price/
hair-transplant-fue,hair-transplant-fue,,AE,Dubai,12000,35000,AED,3268.0,9530.0,2026-09-16,"Wed, 16 Sep 2026",quoted-range,s:dhi-dubai-cost,https://www.dhiinternational.com/cost-of-hair-transplant-in-dubai-dhi-medical-group/
hair-transplant-fue,hair-transplant-fue,,TR,Istanbul,3395,6595,EUR,3917.0,7609.0,2026-09-16,"Wed, 16 Sep 2026",package,s:estenove-cost,https://www.estenove.com/hair-transplant-cost-istanbul-turkey/
hair-transplant-fue,hair-transplant-fue,,GB,London,3499,,GBP,4715.0,,2026-09-16,"Wed, 16 Sep 2026",quoted-range,s:wimpole-prices,https://wimpole.com/prices-how-much-does-hair-transplant-cost/
hair-transplant-fue,hair-transplant-fue,,GB,,4820,,GBP,6496.0,,2026-09-16,"Wed, 16 Sep 2026",survey,s:wimpole-uk-cost-survey,https://wimpole.com/blog/hair-transplant-cost-uk-analysis/
heart-valve-replacement,heart-valve-replacement,,AU,,2429.6,,AUD,1732.0,,2026-09-17,"Wed, 16 Sep 2026",tariff,s:mbs-38484,https://www9.health.gov.au/mbs/fullDisplay.cfm?type=item&q=38484&qt=item
heart-valve-replacement,heart-valve-replacement,bangkok-hospital,TH,Bangkok,966000,,THB,29014.0,,2026-09-17,"Wed, 16 Sep 2026",package,s:bangkokhospital-heart-packages,https://www.bangkokhospital.com/en/bangkok-heart/package/heart-catheterization-surgery
heart-valve-replacement,heart-valve-replacement,bangkok-hospital,TH,Bangkok,1400000,,THB,42049.0,,2026-09-17,"Wed, 16 Sep 2026",package,s:bangkokhospital-heart-packages,https://www.bangkokhospital.com/en/bangkok-heart/package/heart-catheterization-surgery
heart-valve-replacement,heart-valve-replacement,,IE,,40253,,EUR,46443.0,,2026-09-17,"Wed, 16 Sep 2026",tariff,s:hse-abf-2024-inpatient,https://assets.hse.ie/media/documents/ABF_2024_Admitted_Patient_Price_List_-_Inpatient_Only.pdf
hernia-repair,hernia-repair,,AU,,556.05,,AUD,396.0,,2026-09-17,"Wed, 16 Sep 2026",tariff,s:mbs-30648,https://www9.health.gov.au/mbs/fullDisplay.cfm?type=item&q=30648&qt=item
hernia-repair,hernia-repair,,IE,,5151,9046,EUR,5943.0,10437.0,2026-09-17,"Wed, 16 Sep 2026",reimbursement,s:hse-cbd-niphs-drg-guide,https://assets.hse.ie/media/documents/CBD-NIPHS-Most-Common-Procedures-DRG-Guide.pdf
hernia-repair,hernia-repair,bumrungrad,TH,Bangkok,199600,430000,THB,5995.0,12915.0,2026-09-17,"Wed, 16 Sep 2026",list,s:bumrungrad-surgical-packages,https://www.bumrungrad.com/en/packages/packages-center/surgical-clinics
hernia-repair,hernia-repair,bumrungrad,TH,Bangkok,243500,,THB,7314.0,,2026-09-17,"Wed, 16 Sep 2026",package,s:bumrungrad-sur05,https://www.bumrungrad.com/en/packages/laparoscopic-inguinal-hernia-repair-1-side
hip-replacement,hip-replacement,,AU,,1577.3,,AUD,1124.0,,2026-07-01,"Wed, 16 Sep 2026",tariff,s:mbs-49318,https://www9.health.gov.au/mbs/fullDisplay.cfm?type=item&q=49318&qt=item
hip-replacement,hip-replacement,,LT,Kaunas,4560,,EUR,5261.0,,2026-09-16,"Wed, 16 Sep 2026",quoted-range,s:nordorthopaedics-prices,https://www.nordorthopaedics.com/hip-knee-wrist-hand-ankle-foot-shoulder-surgery-prices/
defiant,hip-replacement,,TH,,11000,17000,USD,11000.0,17000.0,2026-09-17,"Wed, 16 Sep 2026",quoted-range,s:defiant-prices,https://defiant.to/procedures/
hip-replacement,hip-replacement,bangkok-hospital,TH,Bangkok,420000,,THB,12615.0,,2026-09-16,"Wed, 16 Sep 2026",package,s:bangkok-hospital-hip-knee,https://www.bangkokhospital.com/en/bangkok-bone-brain/package/hip-knee-surgery-packages
hip-replacement,hip-replacement,bumrungrad,TH,Bangkok,425200,,THB,12771.0,,2026-09-16,"Wed, 16 Sep 2026",package,s:bumrungrad-joint08,https://www.bumrungrad.com/en/packages/total-hip-replacement-surgery
hip-replacement,hip-replacement,,GB,England,13199,,GBP,17788.0,,2026-09-16,"Wed, 16 Sep 2026",list,s:practiceplus-hip,https://practiceplusgroup.com/treatments/hip-surgery/
hysterectomy,hysterectomy,,AU,,807.6,,AUD,576.0,,2026-09-17,"Wed, 16 Sep 2026",tariff,s:mbs-35653,https://www9.health.gov.au/mbs/fullDisplay.cfm?type=item&q=35653&qt=item
hysterectomy,hysterectomy,bumrungrad,TH,Bangkok,265000,,THB,7959.0,,2026-09-17,"Wed, 16 Sep 2026",package,s:bumrungrad-gyne03,https://www.bumrungrad.com/en/packages/total-laparoscopic-hysterectomy
hysterectomy,hysterectomy,,IE,,13282,,EUR,15325.0,,2026-09-17,"Wed, 16 Sep 2026",reimbursement,s:hse-cbd-niphs-drg-guide,https://assets.hse.ie/media/documents/CBD-NIPHS-Most-Common-Procedures-DRG-Guide.pdf
icl,icl,bumrungrad,TH,Bangkok,129000,,THB,3875.0,,2026-09-17,"Wed, 16 Sep 2026",package,s:bumrungrad-icl-single-eye,https://www.bumrungrad.com/en/packages/icl-single-eye
icl,icl,bumrungrad,TH,Bangkok,161000,,THB,4836.0,,2026-09-17,"Wed, 16 Sep 2026",package,s:bumrungrad-eye-packages,https://www.bumrungrad.com/en/packages/packages-center/eye-center
icl,icl,,GB,,3595,,GBP,4845.0,,2026-09-17,"Wed, 16 Sep 2026",list,s:optegra-icl-costs,https://www.optegra.com/laser-eye-surgery/icl-evo/costs/
icsi,icsi,,CZ,Brno,190,,EUR,219.0,,2026-01-01,"Wed, 16 Sep 2026",list,s:reprofit-pricelist-2026,https://www.reprofit.cz/media/filer_public/3d/7a/3d7a97cf-ec54-477b-af94-585766aa8f35/0331eng_cenik_vykonu_ivf_pro_samoplatce.pdf
icsi,icsi,,CZ,Brno,620,,EUR,715.0,,2026-01-01,"Wed, 16 Sep 2026",list,s:reprofit-pricelist-2026,https://www.reprofit.cz/media/filer_public/3d/7a/3d7a97cf-ec54-477b-af94-585766aa8f35/0331eng_cenik_vykonu_ivf_pro_samoplatce.pdf
icsi,icsi,,GR,Thessaloniki,3860,,EUR,4454.0,,2026-09-16,"Wed, 16 Sep 2026",package,s:newlife-ivf-costs,https://www.newlife-ivf.co.uk/ivf-costs
icsi,icsi,,ES,Barcelona,5290,,EUR,6104.0,,2026-09-16,"Wed, 16 Sep 2026",package,s:fertilab-pricing,https://fertilab.com/en/pricing/
ivf,ivf,,CZ,Brno,1100,,EUR,1269.0,,2026-01-01,"Wed, 16 Sep 2026",package,s:reprofit-pricelist-2026,https://www.reprofit.cz/media/filer_public/3d/7a/3d7a97cf-ec54-477b-af94-585766aa8f35/0331eng_cenik_vykonu_ivf_pro_samoplatce.pdf
czechia,ivf,,CZ,Prague,3000,,EUR,3461.0,,2026-09-16,"Wed, 16 Sep 2026",package,s:pronatal-prices,https://www.pronatal.cz/en/price-list/
ivf,ivf,,CZ,Brno,3245,,EUR,3744.0,,2026-01-01,"Wed, 16 Sep 2026",package,s:reprofit-pricelist-2026,https://www.reprofit.cz/media/filer_public/3d/7a/3d7a97cf-ec54-477b-af94-585766aa8f35/0331eng_cenik_vykonu_ivf_pro_samoplatce.pdf
ivf,ivf,,GR,Thessaloniki,3860,,EUR,4454.0,,2026-09-16,"Wed, 16 Sep 2026",package,s:newlife-ivf-costs,https://www.newlife-ivf.co.uk/ivf-costs
ivf,ivf,,US,Syracuse,4999,,USD,4999.0,,2026-07-07,"Wed, 16 Sep 2026",list,s:cny-ivf-cost,https://www.cnyfertility.com/ivf-cost/
ivf,ivf,,CZ,Brno,4985,,EUR,5752.0,,2026-01-01,"Wed, 16 Sep 2026",package,s:reprofit-pricelist-2026,https://www.reprofit.cz/media/filer_public/3d/7a/3d7a97cf-ec54-477b-af94-585766aa8f35/0331eng_cenik_vykonu_ivf_pro_samoplatce.pdf
ivf,ivf,,ES,Barcelona,5290,,EUR,6104.0,,2026-09-16,"Wed, 16 Sep 2026",package,s:fertilab-pricing,https://fertilab.com/en/pricing/
ivf,ivf,,US,Syracuse,7994,12888,USD,7994.0,12888.0,2026-07-07,"Wed, 16 Sep 2026",quoted-range,s:cny-ivf-cost,https://www.cnyfertility.com/ivf-cost/
kidney-transplant,kidney-transplant,,US,,446800,,USD,446800.0,,2025,"Wed, 16 Sep 2026",estimate,s:milliman-transplant-2025,https://www.milliman.com/en/insight/2025-us-organ-and-tissue-transplants-costs-utilization
knee-arthroscopy,knee-arthroscopy,,AU,,795.05,,AUD,567.0,,2026-07-01,"Wed, 16 Sep 2026",tariff,s:mbs-49572,https://www9.health.gov.au/mbs/fullDisplay.cfm?type=item&q=49572&qt=item
knee-arthroscopy,knee-arthroscopy,,LT,Kaunas,1500,,EUR,1731.0,,2026-09-16,"Wed, 16 Sep 2026",quoted-range,s:nordorthopaedics-prices,https://www.nordorthopaedics.com/hip-knee-wrist-hand-ankle-foot-shoulder-surgery-prices/
defiant,knee-arthroscopy,,TH,,3000,7000,USD,3000.0,7000.0,2026-09-17,"Wed, 16 Sep 2026",quoted-range,s:defiant-prices,https://defiant.to/procedures/
knee-arthroscopy,knee-arthroscopy,bumrungrad,TH,Bangkok,243300,,THB,7308.0,,2026-09-16,"Wed, 16 Sep 2026",package,s:bumrungrad-joint-packages,https://www.bumrungrad.com/en/packages/packages-center/joint-replacement-surgery
knee-arthroscopy,knee-arthroscopy,,GB,England,5899,,GBP,7950.0,,2026-09-16,"Wed, 16 Sep 2026",list,s:practiceplus-knee,https://practiceplusgroup.com/treatments/knee-surgery/
bangkok-hospital,knee-arthroscopy,bangkok-hospital,TH,Bangkok,272000,,THB,8170.0,,2026-09-16,"Wed, 16 Sep 2026",package,s:bangkokhospital-knee-arthroscopy,https://www.bangkokhospital.com/en/bangkok/package/arthroscopic-knee-with-meniscus-repair-1-side-exclude-implant-en
defiant,knee-replacement,,TH,,10000,16000,USD,10000.0,16000.0,2026-09-17,"Wed, 16 Sep 2026",quoted-range,s:defiant-prices,https://defiant.to/procedures/
knee-replacement,knee-replacement,bumrungrad,TH,Bangkok,356500,,THB,10707.0,,2026-09-16,"Wed, 16 Sep 2026",package,s:bumrungrad-joint04,https://www.bumrungrad.com/en/packages/total-knee-replacement-surgery
knee-replacement,knee-replacement,bumrungrad,TH,Bangkok,525600,,THB,15786.0,,2026-09-16,"Wed, 16 Sep 2026",package,s:bumrungrad-packages,https://www.bumrungrad.com/en/packages
knee-replacement,knee-replacement,,GB,,13799,,GBP,18596.0,,2026-04,"Wed, 16 Sep 2026",list,s:practiceplus-knee,https://practiceplusgroup.com/treatments/knee-surgery/
knee-replacement,knee-replacement,bumrungrad,TH,Bangkok,945000,,THB,28383.0,,2026-09-16,"Wed, 16 Sep 2026",package,s:bumrungrad-packages,https://www.bumrungrad.com/en/packages
lasik,lasik,,CA,,490,3090,CAD,352.0,2221.0,2026-09-17,"Wed, 16 Sep 2026",quoted-range,s:lasikmd-pricing,https://www.lasikmd.com/cost-and-affordability/pricing
lasik,lasik,,US,,2495,2895,USD,2495.0,2895.0,2026-09-17,"Wed, 16 Sep 2026",quoted-range,s:lasikplus-lasik-cost,https://www.lasikplus.com/cost-of-lasik/
lasik,lasik,,GB,,2095,,GBP,2823.0,,2026-09-17,"Wed, 16 Sep 2026",list,s:optegra-laser-costs,https://www.optegra.com/laser-eye-surgery/costs/
lasik,lasik,bumrungrad,TH,Bangkok,102000,,THB,3064.0,,2026-09-17,"Wed, 16 Sep 2026",package,s:bumrungrad-relex-smile,https://www.bumrungrad.com/en/packages/relex-smile
liposuction,liposuction,,CZ,Prague,19500,85000,CZK,926.0,4036.0,2026-09-16,"Wed, 16 Sep 2026",quoted-range,s:premier-clinic-prague-prices,https://www.premier-clinic.cz/en/price-list-plastic-surgery/
defiant,liposuction,,TH,,1500,4000,USD,1500.0,4000.0,2026-09-17,"Wed, 16 Sep 2026",quoted-range,s:defiant-prices,https://defiant.to/procedures/
liposuction,liposuction,,TH,Bangkok,55000,74000,THB,1652.0,2223.0,2026-09-16,"Wed, 16 Sep 2026",list,s:yanhee-plastic-prices,https://www.yanhee.net/pricing-packages/plastic-surgery-prices/
liposuction,liposuction,,PL,Szczecin,12000,,PLN,3189.0,,2026-09-16,"Wed, 16 Sep 2026",quoted-range,s:artplastica-cennik,https://www.artplastica.pl/cennik-zabiegi-operacje-plastyczne/
liposuction,liposuction,,US,,4711,,USD,4711.0,,2026-09-16,"Wed, 16 Sep 2026",survey,s:asps-cost-liposuction,https://www.plasticsurgery.org/cosmetic-procedures/liposuction/cost
liver-transplant,liver-transplant,,IN,New Delhi,1800000,2000000,INR,18752.0,20836.0,2026,"Wed, 16 Sep 2026",estimate,s:psri-liver-cost-2026,https://psrihospital.com/liver-transplant-cost-in-india-from-diagnosis-to-recovery/
liver-transplant,liver-transplant,,IN,New Delhi,3000000,3500000,INR,31253.0,36462.0,2026,"Wed, 16 Sep 2026",estimate,s:psri-liver-cost-2026,https://psrihospital.com/liver-transplant-cost-in-india-from-diagnosis-to-recovery/
liver-transplant,liver-transplant,,US,,1017800,,USD,1017800.0,,2025,"Wed, 16 Sep 2026",estimate,s:milliman-transplant-table-2025,https://assets.milliman.com/downloads/2025-organ-transplant/index-font-2.html
panchakarma,panchakarma,,LK,,100,,EUR,115.0,,2026-09-16,"Wed, 16 Sep 2026",list,s:barberyn-summer-rates,https://www.barberynresorts.com/faq/waves_summer-rates/
panchakarma,panchakarma,,IN,Kovalam,2422,3668,EUR,2794.0,4232.0,2026-09-16,"Wed, 16 Sep 2026",package,s:somatheeram-tariff-2025-26,https://somatheeram-c3c5.kxcdn.com/pricelists/somatheeram-tariff-en-eur-2025-2026.pdf
panchakarma,panchakarma,,DE,,4090,,EUR,4719.0,,2026-09-16,"Wed, 16 Sep 2026",package,s:parkschloesschen-panchakarma,https://www.ayurveda-parkschloesschen.de/uebersicht/panchakarma_kur_klassisch/
pgt,pgt,,CZ,Brno,600,,EUR,692.0,,2026-01-01,"Wed, 16 Sep 2026",list,s:reprofit-pricelist-2026,https://www.reprofit.cz/media/filer_public/3d/7a/3d7a97cf-ec54-477b-af94-585766aa8f35/0331eng_cenik_vykonu_ivf_pro_samoplatce.pdf
pgt,pgt,,CZ,Brno,1995,,EUR,2302.0,,2026-01-01,"Wed, 16 Sep 2026",list,s:reprofit-pricelist-2026,https://www.reprofit.cz/media/filer_public/3d/7a/3d7a97cf-ec54-477b-af94-585766aa8f35/0331eng_cenik_vykonu_ivf_pro_samoplatce.pdf
pgt,pgt,,US,Syracuse,3899,,USD,3899.0,,2026-07-07,"Wed, 16 Sep 2026",list,s:cny-ivf-cost,https://www.cnyfertility.com/ivf-cost/
pgt,pgt,,CZ,Brno,7775,,EUR,8971.0,,2026-01-01,"Wed, 16 Sep 2026",package,s:reprofit-pricelist-2026,https://www.reprofit.cz/media/filer_public/3d/7a/3d7a97cf-ec54-477b-af94-585766aa8f35/0331eng_cenik_vykonu_ivf_pro_samoplatce.pdf
phalloplasty,phalloplasty,,TH,Bangkok,228800,,THB,6872.0,,2026-09-17,"Wed, 16 Sep 2026",list,s:yanhee-plastic-prices,https://www.yanhee.net/pricing-packages/plastic-surgery-prices/
phalloplasty,phalloplasty,,TH,Bangkok,426000,,THB,12795.0,,2026-09-17,"Wed, 16 Sep 2026",list,s:yanhee-plastic-prices,https://www.yanhee.net/pricing-packages/plastic-surgery-prices/
phalloplasty,phalloplasty,,US,San Francisco,35000,50000,USD,35000.0,50000.0,2024-10-15,"Wed, 16 Sep 2026",estimate,s:gcc-bottom-surgery-cost,https://www.genderconfirmation.com/bottom-surgery-cost/
prostatectomy,prostatectomy,,AU,,1907.25,,AUD,1359.0,,2026-09-17,"Wed, 16 Sep 2026",tariff,s:mbs-37210,https://www9.health.gov.au/mbs/fullDisplay.cfm?type=item&q=37210&qt=item
prostatectomy,prostatectomy,bumrungrad,TH,Bangkok,216000,,THB,6488.0,,2026-09-17,"Wed, 16 Sep 2026",package,s:bumrungrad-urology-packages,https://www.bumrungrad.com/en/packages/packages-center/urology-center
prostatectomy,prostatectomy,,IE,,19899,,EUR,22959.0,,2026-09-17,"Wed, 16 Sep 2026",tariff,s:hse-abf-2024-inpatient,https://assets.hse.ie/media/documents/ABF_2024_Admitted_Patient_Price_List_-_Inpatient_Only.pdf
prostatectomy,prostatectomy,bumrungrad,TH,Bangkok,1014000,,THB,30456.0,,2026-09-17,"Wed, 16 Sep 2026",package,s:bumrungrad-robotic05,https://www.bumrungrad.com/en/packages/robotic-assisted-radical-prostatectomy-ga-tiva
rhinoplasty,rhinoplasty,,TH,Bangkok,30000,,THB,901.0,,2026-09-16,"Wed, 16 Sep 2026",list,s:yanhee-plastic-prices,https://www.yanhee.net/pricing-packages/plastic-surgery-prices/
defiant,rhinoplasty,,TH,,2000,5000,USD,2000.0,5000.0,2026-09-17,"Wed, 16 Sep 2026",quoted-range,s:defiant-prices,https://defiant.to/procedures/
rhinoplasty,rhinoplasty,,CZ,Prague,51300,,CZK,2436.0,,2026-09-16,"Wed, 16 Sep 2026",quoted-range,s:premier-clinic-prague-prices,https://www.premier-clinic.cz/en/price-list-plastic-surgery/
rhinoplasty,rhinoplasty,,PL,Szczecin,23000,,PLN,6112.0,,2026-09-16,"Wed, 16 Sep 2026",quoted-range,s:artplastica-cennik,https://www.artplastica.pl/cennik-zabiegi-operacje-plastyczne/
rhinoplasty,rhinoplasty,,US,,7637,,USD,7637.0,,2026-09-16,"Wed, 16 Sep 2026",survey,s:asps-cost-rhinoplasty,https://www.plasticsurgery.org/cosmetic-procedures/rhinoplasty/cost
root-canal,root-canal,,GB,,76.6,,GBP,103.0,,2026-09-17,"Wed, 16 Sep 2026",tariff,s:nhs-dental-charges,https://www.nhs.uk/nhs-services/dentists/dental-costs/understanding-nhs-dental-charges/
root-canal,root-canal,,HU,Budapest,123,715,EUR,142.0,825.0,2026-09-17,"Wed, 16 Sep 2026",list,s:mdental-budapest-prices,https://www.mdentalclinic.eu/prices
root-canal,root-canal,,PL,Kraków,120,,GBP,162.0,,2026-09-17,"Wed, 16 Sep 2026",list,s:indexmedica-prices,https://www.indexmedica.com/prices/
root-canal,root-canal,,TH,Bangkok,11000,17000,THB,330.0,511.0,2026-09-17,"Wed, 16 Sep 2026",list,s:bidc-fees,https://bangkokdentalcenter.com/fees/
los-algodones,root-canal,,MX,Los Algodones,340,,USD,340.0,,2026-09-16,"Wed, 16 Sep 2026",list,s:sani-price-list,https://sanidentalgroup.com/price-list
root-canal,root-canal,,MX,Los Algodones,340,,USD,340.0,,2026-09-17,"Wed, 16 Sep 2026",list,s:sani-dental-prices,https://sanidentalgroup.com/price-list
shoulder-replacement,shoulder-replacement,,AU,,1803.15,,AUD,1285.0,,2026-07-01,"Wed, 16 Sep 2026",tariff,s:mbs-48918,https://www9.health.gov.au/mbs/fullDisplay.cfm?type=item&q=48918&qt=item
shoulder-replacement,shoulder-replacement,,LT,Kaunas,4500,,EUR,5192.0,,2026-09-16,"Wed, 16 Sep 2026",quoted-range,s:nordorthopaedics-prices,https://www.nordorthopaedics.com/hip-knee-wrist-hand-ankle-foot-shoulder-surgery-prices/
defiant,shoulder-replacement,,TH,,10000,15000,USD,10000.0,15000.0,2026-09-17,"Wed, 16 Sep 2026",quoted-range,s:defiant-prices,https://defiant.to/procedures/
shoulder-replacement,shoulder-replacement,,GB,England,12749,,GBP,17181.0,,2026-09-16,"Wed, 16 Sep 2026",list,s:practiceplus-shoulder,https://practiceplusgroup.com/treatments/shoulder-and-elbow-surgery/
sperm-donation,sperm-donation,,GB,,45,,GBP,61.0,,2024-10-01,"Wed, 16 Sep 2026",tariff,s:hfea-donating-sperm,https://www.hfea.gov.uk/donation/donors/donating-your-sperm/
sperm-donation,sperm-donation,,GR,Thessaloniki,415,,EUR,479.0,,2026-09-16,"Wed, 16 Sep 2026",list,s:newlife-ivf-costs,https://www.newlife-ivf.co.uk/ivf-costs
sperm-donation,sperm-donation,,CZ,Brno,490,,EUR,565.0,,2026-01-01,"Wed, 16 Sep 2026",list,s:reprofit-pricelist-2026,https://www.reprofit.cz/media/filer_public/3d/7a/3d7a97cf-ec54-477b-af94-585766aa8f35/0331eng_cenik_vykonu_ivf_pro_samoplatce.pdf
sperm-donation,sperm-donation,,ES,Barcelona,1450,,EUR,1673.0,,2026-09-16,"Wed, 16 Sep 2026",package,s:fertilab-pricing,https://fertilab.com/en/pricing/
spinal-fusion,spinal-fusion,,AU,,1295.85,,AUD,924.0,,2026-07-01,"Wed, 16 Sep 2026",tariff,s:mbs-51041,https://www9.health.gov.au/mbs/fullDisplay.cfm?type=item&q=51041&qt=item
spinal-fusion,spinal-fusion,bumrungrad,TH,Bangkok,420000,,THB,12615.0,,2026-09-16,"Wed, 16 Sep 2026",package,s:bumrungrad-spine-packages,https://www.bumrungrad.com/en/packages/packages-center/spine-specialists-center
defiant,spinal-fusion,,TH,,15000,40000,USD,15000.0,40000.0,2026-09-17,"Wed, 16 Sep 2026",quoted-range,s:defiant-prices,https://defiant.to/procedures/
spinal-fusion,spinal-fusion,bumrungrad,TH,Bangkok,576300,,THB,17309.0,,2026-09-16,"Wed, 16 Sep 2026",package,s:bumrungrad-tlif01,https://www.bumrungrad.com/en/packages/transforaminal-lumbar-interbody-fusion
spinal-fusion,spinal-fusion,,GB,England,14400,,GBP,19406.0,,2026-09-16,"Wed, 16 Sep 2026",list,s:practiceplus-spinal,https://practiceplusgroup.com/treatments/spinal-surgery/
stem-cell-unproven,stem-cell-unproven,,MX,,4950,18000,USD,4950.0,18000.0,2026-08,"Wed, 16 Sep 2026",package,s:giostar-mexico-cost,https://giostarmexico.com/stem-cell-therapy-mexico-cost-at-giostar-mexico-global-standards-transparent-pricing-financing-options/
stem-cell-unproven,stem-cell-unproven,,PA,Panama City,15825,26900,USD,15825.0,26900.0,2026-09-17,"Wed, 16 Sep 2026",package,s:cellmedicine-stem-cell-cost,https://www.cellmedicine.com/how-much-does-stem-cell-therapy-cost/
surrogacy,surrogacy,,CZ,Brno,680,,EUR,785.0,,2026-01-01,"Wed, 16 Sep 2026",list,s:reprofit-pricelist-2026,https://www.reprofit.cz/media/filer_public/3d/7a/3d7a97cf-ec54-477b-af94-585766aa8f35/0331eng_cenik_vykonu_ivf_pro_samoplatce.pdf
surrogacy,surrogacy,,US,,189500,,USD,189500.0,,2026-09-16,"Wed, 16 Sep 2026",package,s:circle-surrogacy-cost,https://www.circlesurrogacy.com/intended-parents/process/surrogacy-cost
top-surgery,top-surgery,,TH,Bangkok,111000,131000,THB,3334.0,3935.0,2026-09-17,"Wed, 16 Sep 2026",list,s:yanhee-plastic-prices,https://www.yanhee.net/pricing-packages/plastic-surgery-prices/
top-surgery,top-surgery,,GB,London,8915,12415,GBP,12014.0,16731.0,2026-09-17,"Wed, 16 Sep 2026",quoted-range,s:ltc-price-list,https://www.thelondontransgenderclinic.uk/price-list/
top-surgery,top-surgery,,US,San Francisco,14000,17000,USD,14000.0,17000.0,2024-03-13,"Wed, 16 Sep 2026",estimate,s:gcc-top-surgery-price,https://www.genderconfirmation.com/top-surgery-price/
vaginoplasty,vaginoplasty,,TH,Bangkok,420000,,THB,12615.0,,2026-09-17,"Wed, 16 Sep 2026",list,s:yanhee-plastic-prices,https://www.yanhee.net/pricing-packages/plastic-surgery-prices/
vaginoplasty,vaginoplasty,,TH,Bangkok,580000,820000,THB,17420.0,24629.0,2026-09-17,"Wed, 16 Sep 2026",list,s:yanhee-plastic-prices,https://www.yanhee.net/pricing-packages/plastic-surgery-prices/
vaginoplasty,vaginoplasty,,US,San Francisco,23000,24500,USD,23000.0,24500.0,2024-10-15,"Wed, 16 Sep 2026",estimate,s:gcc-bottom-surgery-cost,https://www.genderconfirmation.com/bottom-surgery-cost/
vaginoplasty,vaginoplasty,,GB,London,31160,34310,GBP,41993.0,46238.0,2026-09-17,"Wed, 16 Sep 2026",quoted-range,s:ltc-price-list,https://www.thelondontransgenderclinic.uk/price-list/
veneers,veneers,,TH,Bangkok,6000,19000,THB,180.0,571.0,2026-09-17,"Wed, 16 Sep 2026",list,s:bidc-fees,https://bangkokdentalcenter.com/fees/
veneers,veneers,,HU,Budapest,379,394,EUR,437.0,455.0,2026-09-17,"Wed, 16 Sep 2026",list,s:mdental-budapest-prices,https://www.mdentalclinic.eu/prices
los-algodones,veneers,,MX,Los Algodones,450,,USD,450.0,,2026-09-16,"Wed, 16 Sep 2026",list,s:sani-price-list,https://sanidentalgroup.com/price-list
veneers,veneers,,MX,Los Algodones,450,490,USD,450.0,490.0,2026-09-17,"Wed, 16 Sep 2026",list,s:sani-dental-prices,https://sanidentalgroup.com/price-list
veneers,veneers,,PL,Kraków,549,,GBP,740.0,,2026-09-17,"Wed, 16 Sep 2026",list,s:indexmedica-prices,https://www.indexmedica.com/prices/
